"","filename","functions","first_line","first_byte","last_line","last_byte","first_column","last_column","first_parsed","last_parsed","value"
"1","R/ayce_clean.R","ayce_clean",41,3,41,67,3,67,43,43,0
"2","R/ayce_clean.R","ayce_clean",42,3,42,66,3,66,44,44,0
"3","R/ayce_clean.R","ayce_clean",43,3,43,66,3,66,45,45,0
"4","R/ayce_clean.R","ayce_clean",44,3,44,67,3,67,46,46,0
"5","R/ayce_clean.R","ayce_clean",45,3,45,19,3,19,47,47,0
"6","R/ayce_clean.R","ayce_clean",48,3,73,3,3,3,50,75,0
"7","R/ayce_clean.R","ayce_clean",76,3,76,58,3,58,78,78,0
"8","R/ayce_clean.R","ayce_clean",79,3,79,42,3,42,81,81,0
"9","R/ayce_clean.R","ayce_clean",80,3,80,36,3,36,82,82,0
"10","R/ayce_clean.R","ayce_clean",81,3,81,18,3,18,83,83,0
"11","R/ayce_clean.R","ayce_clean",82,3,82,68,3,68,84,84,0
"12","R/ayce_clean.R","ayce_clean",83,3,83,19,3,19,85,85,0
"13","R/ayce_clean.R","ayce_clean",86,3,86,59,3,59,88,88,0
"14","R/ayce_clean.R","ayce_clean",87,3,87,29,3,29,89,89,0
"15","R/ayce_clean.R","ayce_clean",90,3,90,58,3,58,92,92,0
"16","R/ayce_clean.R","ayce_clean",91,3,91,37,3,37,93,93,0
"17","R/ayce_clean.R","ayce_clean",92,3,92,19,3,19,94,94,0
"18","R/ayce_clean.R","ayce_clean",95,3,95,60,3,60,97,97,0
"19","R/ayce_clean.R","ayce_clean",96,3,101,3,3,3,98,103,0
"20","R/ayce_clean.R","ayce_clean",102,3,102,41,3,41,104,104,0
"21","R/ayce_clean.R","ayce_clean",103,3,103,19,3,19,105,105,0
"22","R/ayce_clean.R","ayce_clean",106,3,106,61,3,61,108,108,0
"23","R/ayce_clean.R","ayce_clean",107,3,113,3,3,3,109,115,0
"24","R/ayce_clean.R","ayce_clean",114,3,114,19,3,19,116,116,0
"25","R/ayce_clean.R","ayce_clean",117,3,117,60,3,60,119,119,0
"26","R/ayce_clean.R","ayce_clean",118,3,118,49,3,49,120,120,0
"27","R/ayce_clean.R","ayce_clean",119,3,119,19,3,19,121,121,0
"28","R/ayce_clean.R","ayce_clean",122,3,122,45,3,45,124,124,0
"29","R/ayce_clean.R","ayce_clean",123,3,125,65,3,65,125,127,0
"30","R/ayce_clean.R","ayce_clean",126,3,126,19,3,19,128,128,0
"31","R/ayce_clean.R","ayce_clean",129,3,129,87,3,87,131,131,0
"32","R/ayce_clean.R","ayce_clean",130,3,130,52,3,52,132,132,0
"33","R/ayce_clean.R","ayce_clean",131,3,131,19,3,19,133,133,0
"34","R/ayce_clean.R","ayce_clean",134,3,134,48,3,48,136,136,0
"35","R/ayce_clean.R","ayce_clean",135,3,137,62,3,62,137,139,0
"36","R/ayce_clean.R","ayce_clean",138,3,138,19,3,19,140,140,0
"37","R/ayce_clean.R","ayce_clean",141,3,141,51,3,51,143,143,0
"38","R/ayce_clean.R","ayce_clean",142,3,144,76,3,76,144,146,0
"39","R/ayce_clean.R","ayce_clean",145,3,145,19,3,19,147,147,0
"40","R/ayce_clean.R","ayce_clean",148,3,148,50,3,50,150,150,0
"41","R/ayce_clean.R","ayce_clean",149,3,152,61,3,61,151,154,0
"42","R/ayce_clean.R","ayce_clean",153,3,153,19,3,19,155,155,0
"43","R/ayce_clean.R","ayce_clean",156,3,156,59,3,59,158,158,0
"44","R/ayce_clean.R","ayce_clean",157,3,157,70,3,70,159,159,0
"45","R/ayce_clean.R","ayce_clean",158,3,158,19,3,19,160,160,0
"46","R/ayce_clean.R","ayce_clean",161,3,161,48,3,48,163,163,0
"47","R/ayce_clean.R","ayce_clean",164,3,164,32,3,32,166,166,0
"48","R/ayce_clean.R","ayce_clean",166,3,167,75,3,75,168,169,0
"49","R/ayce_clean.R","ayce_clean",169,3,174,28,3,28,171,176,0
"50","R/ayce_clean.R","ayce_clean",177,7,177,27,7,27,177,177,0
"51","R/ayce_clean.R","ayce_clean",178,5,178,47,5,47,180,180,0
"52","R/ayce_clean.R","ayce_clean",179,5,179,65,5,65,181,181,0
"53","R/ayce_clean.R","ayce_clean",183,7,183,24,7,24,183,183,0
"54","R/ayce_clean.R","ayce_clean",184,5,184,52,5,52,186,186,0
"55","R/ayce_clean.R","ayce_clean",185,5,186,66,5,66,187,188,0
"56","R/ayce_clean.R","ayce_clean",189,3,189,19,3,19,191,191,0
"57","R/ayce_clean.R","ayce_clean",190,3,190,67,3,67,192,192,0
"58","R/ayce_clean.R","ayce_clean",191,3,191,87,3,87,193,193,0
"59","R/ayce_clean.R","ayce_clean",192,3,192,89,3,89,194,194,0
"60","R/ayce_clean.R","ayce_clean",193,3,193,67,3,67,195,195,0
"61","R/ayce_clean.R","ayce_clean",196,3,196,44,3,44,198,198,0
"62","R/ayce_clean.R","ayce_clean",197,3,197,49,3,49,199,199,0
"63","R/ayce_clean.R","ayce_clean",198,3,198,47,3,47,200,200,0
"64","R/ayce_clean.R","ayce_clean",199,3,199,47,3,47,201,201,0
"65","R/ayce_clean.R","ayce_clean",201,3,201,21,3,21,203,203,0
"66","R/ayce_clean.R","generate_ayce_log",222,3,222,25,3,25,224,224,0
"67","R/ayce_clean.R","generate_ayce_log",223,3,223,29,3,29,225,225,0
"68","R/ayce_clean.R","generate_ayce_log",224,3,224,30,3,30,226,226,0
"69","R/ayce_clean.R","generate_ayce_log",227,3,233,5,3,5,229,235,0
"70","R/ayce_clean.R","generate_ayce_log",235,3,241,5,3,5,237,243,0
"71","R/ayce_clean.R","generate_ayce_log",244,3,246,28,3,28,246,248,0
"72","R/ayce_clean.R","generate_ayce_log",245,5,245,97,5,97,247,247,0
"73","R/ayce_clean.R","generate_ayce_log",248,3,300,3,3,3,250,302,0
"74","R/ayce_clean.R","generate_ayce_log",302,3,302,33,3,33,304,304,0
"75","R/ayce_clean.R","generate_ayce_log",303,3,303,51,3,51,305,305,0
"76","R/ayce_clean.R","quick_ayce",316,3,316,62,3,62,318,318,0
"77","R/ayce_filters.R","apply_overlap_filter",25,3,25,48,3,48,345,345,0
"78","R/ayce_filters.R","apply_overlap_filter",27,7,27,49,7,49,27,27,0
"79","R/ayce_filters.R","apply_overlap_filter",28,5,28,68,5,68,348,348,0
"80","R/ayce_filters.R","apply_overlap_filter",29,5,29,16,5,16,349,349,0
"81","R/ayce_filters.R","apply_overlap_filter",32,3,32,24,3,24,352,352,0
"82","R/ayce_filters.R","apply_overlap_filter",35,3,35,32,3,32,355,355,0
"83","R/ayce_filters.R","apply_overlap_filter",38,3,38,51,3,51,358,358,0
"84","R/ayce_filters.R","apply_overlap_filter",39,3,39,53,3,53,359,359,0
"85","R/ayce_filters.R","apply_overlap_filter",40,3,40,51,3,51,360,360,0
"86","R/ayce_filters.R","apply_overlap_filter",41,3,41,53,3,53,361,361,0
"87","R/ayce_filters.R","apply_overlap_filter",44,3,44,44,3,44,364,364,0
"88","R/ayce_filters.R","apply_overlap_filter",45,3,45,44,3,44,365,365,0
"89","R/ayce_filters.R","apply_overlap_filter",46,3,46,45,3,45,366,366,0
"90","R/ayce_filters.R","apply_overlap_filter",49,3,49,38,3,38,369,369,0
"91","R/ayce_filters.R","apply_overlap_filter",51,7,51,25,7,25,51,51,0
"92","R/ayce_filters.R","apply_overlap_filter",52,5,52,19,5,19,372,372,0
"93","R/ayce_filters.R","apply_overlap_filter",53,5,53,19,5,19,373,373,0
"94","R/ayce_filters.R","apply_overlap_filter",54,5,54,20,5,20,374,374,0
"95","R/ayce_filters.R","apply_overlap_filter",57,5,57,44,5,44,377,377,0
"96","R/ayce_filters.R","apply_overlap_filter",58,5,58,44,5,44,378,378,0
"97","R/ayce_filters.R","apply_overlap_filter",60,9,60,48,9,48,60,60,0
"98","R/ayce_filters.R","apply_overlap_filter",61,7,61,27,7,27,381,381,0
"99","R/ayce_filters.R","apply_overlap_filter",62,7,62,10,7,10,382,382,0
"100","R/ayce_filters.R","apply_overlap_filter",66,5,66,46,5,46,386,386,0
"101","R/ayce_filters.R","apply_overlap_filter",69,5,69,54,5,54,389,389,0
"102","R/ayce_filters.R","apply_overlap_filter",70,5,70,54,5,54,390,390,0
"103","R/ayce_filters.R","apply_overlap_filter",73,5,73,53,5,53,393,393,0
"104","R/ayce_filters.R","apply_overlap_filter",74,5,74,53,5,53,394,394,0
"105","R/ayce_filters.R","apply_overlap_filter",77,5,77,20,5,20,397,397,0
"106","R/ayce_filters.R","apply_overlap_filter",78,5,78,16,5,16,398,398,0
"107","R/ayce_filters.R","apply_overlap_filter",80,9,80,23,9,23,80,80,0
"108","R/ayce_filters.R","apply_overlap_filter",81,11,81,25,11,25,81,81,0
"109","R/ayce_filters.R","apply_overlap_filter",83,9,83,47,9,47,403,403,0
"110","R/ayce_filters.R","apply_overlap_filter",84,9,84,47,9,47,404,404,0
"111","R/ayce_filters.R","apply_overlap_filter",86,9,86,55,9,55,406,406,0
"112","R/ayce_filters.R","apply_overlap_filter",87,13,87,26,13,26,87,87,0
"113","R/ayce_filters.R","apply_overlap_filter",88,11,88,32,11,32,408,408,0
"114","R/ayce_filters.R","apply_overlap_filter",89,15,89,33,15,33,89,89,0
"115","R/ayce_filters.R","apply_overlap_filter",90,13,90,42,13,42,410,410,0
"116","R/ayce_filters.R","apply_overlap_filter",97,9,97,19,9,19,97,97,0
"117","R/ayce_filters.R","apply_overlap_filter",98,7,98,47,7,47,418,418,0
"118","R/ayce_filters.R","apply_overlap_filter",100,7,100,27,7,27,420,420,0
"119","R/ayce_filters.R","apply_overlap_filter",104,5,104,23,5,23,424,424,0
"120","R/ayce_filters.R","apply_overlap_filter",108,3,110,53,3,53,428,430,0
"121","R/ayce_filters.R","apply_overlap_filter",112,3,112,36,3,36,432,432,0
"122","R/ayce_filters.R","apply_overlap_filter",113,3,114,75,3,75,433,434,0
"123","R/ayce_filters.R","apply_overlap_filter",116,3,116,14,3,14,436,436,0
"124","R/ayce_filters.R","apply_local_sd_filter",149,3,149,46,3,46,469,469,0
"125","R/ayce_filters.R","apply_local_sd_filter",151,7,151,57,7,57,151,151,0
"126","R/ayce_filters.R","apply_local_sd_filter",152,5,152,54,5,54,472,472,0
"127","R/ayce_filters.R","apply_local_sd_filter",153,5,153,16,5,16,473,473,0
"128","R/ayce_filters.R","apply_local_sd_filter",157,3,157,52,3,52,477,477,0
"129","R/ayce_filters.R","apply_local_sd_filter",158,3,158,32,3,32,478,478,0
"130","R/ayce_filters.R","apply_local_sd_filter",160,3,160,24,3,24,480,480,0
"131","R/ayce_filters.R","apply_local_sd_filter",163,3,168,5,3,5,483,488,0
"132","R/ayce_filters.R","apply_local_sd_filter",171,3,179,33,3,33,491,499,0
"133","R/ayce_filters.R","apply_local_sd_filter",182,3,182,46,3,46,502,502,0
"134","R/ayce_filters.R","apply_local_sd_filter",183,3,183,49,3,49,503,503,0
"135","R/ayce_filters.R","apply_local_sd_filter",186,3,197,56,3,56,506,517,0
"136","R/ayce_filters.R","apply_local_sd_filter",199,3,199,36,3,36,519,519,0
"137","R/ayce_filters.R","apply_local_sd_filter",200,3,201,75,3,75,520,521,0
"138","R/ayce_filters.R","apply_local_sd_filter",203,3,203,14,3,14,523,523,0
"139","R/ayce_filters.R","ayce_validate",220,3,220,60,3,60,540,540,0
"140","R/ayce_filters.R","ayce_validate",222,3,222,22,3,22,542,542,0
"141","R/ayce_filters.R","ayce_validate",225,3,225,53,3,53,545,545,0
"142","R/ayce_filters.R","ayce_validate",226,3,226,45,3,45,546,546,0
"143","R/ayce_filters.R","ayce_validate",228,3,228,78,3,78,548,548,0
"144","R/ayce_filters.R","ayce_validate",231,3,231,28,3,28,551,551,0
"145","R/ayce_filters.R","ayce_validate",232,7,232,26,7,26,232,232,0
"146","R/ayce_filters.R","ayce_validate",233,5,233,70,5,70,553,553,0
"147","R/ayce_filters.R","ayce_validate",234,5,234,35,5,35,554,554,0
"148","R/ayce_filters.R","ayce_validate",235,14,235,34,14,34,235,235,0
"149","R/ayce_filters.R","ayce_validate",236,5,236,79,5,79,556,556,0
"150","R/ayce_filters.R","ayce_validate",237,5,237,35,5,35,557,557,0
"151","R/ayce_filters.R","ayce_validate",241,7,241,60,7,60,241,241,0
"152","R/ayce_filters.R","ayce_validate",242,5,242,91,5,91,562,562,0
"153","R/ayce_filters.R","ayce_validate",243,9,243,31,9,31,243,243,0
"154","R/ayce_filters.R","ayce_validate",244,7,244,62,7,62,564,564,0
"155","R/ayce_filters.R","ayce_validate",247,5,247,34,5,34,567,567,0
"156","R/ayce_filters.R","ayce_validate",251,7,251,66,7,66,251,251,0
"157","R/ayce_filters.R","ayce_validate",252,5,256,5,5,5,572,576,0
"158","R/ayce_filters.R","ayce_validate",257,5,261,5,5,5,577,581,0
"159","R/ayce_filters.R","ayce_validate",264,5,264,73,5,73,584,584,0
"160","R/ayce_filters.R","ayce_validate",265,5,265,47,5,47,585,585,0
"161","R/ayce_filters.R","ayce_validate",267,5,267,81,5,81,587,587,0
"162","R/ayce_filters.R","ayce_validate",268,5,268,85,5,85,588,588,0
"163","R/ayce_filters.R","ayce_validate",271,3,271,20,3,20,591,591,0
"164","R/ayce_pcdi.R","calculate_rsc",28,7,28,70,7,70,28,28,0
"165","R/ayce_pcdi.R","calculate_rsc",29,5,29,13,5,13,622,622,0
"166","R/ayce_pcdi.R","calculate_rsc",33,3,33,14,3,14,626,626,0
"167","R/ayce_pcdi.R","calculate_rsc",34,3,34,63,3,63,627,627,0
"168","R/ayce_pcdi.R","calculate_rsc",35,3,35,63,3,63,628,628,0
"169","R/ayce_pcdi.R","calculate_rsc",38,3,38,64,3,64,631,631,0
"170","R/ayce_pcdi.R","calculate_rsc",39,3,39,63,3,63,632,632,0
"171","R/ayce_pcdi.R","calculate_rsc",41,7,41,25,7,25,41,41,0
"172","R/ayce_pcdi.R","calculate_rsc",42,5,42,36,5,36,635,635,0
"173","R/ayce_pcdi.R","calculate_rsc",43,5,43,36,5,36,636,636,0
"174","R/ayce_pcdi.R","calculate_rsc",44,9,44,54,9,54,44,44,0
"175","R/ayce_pcdi.R","calculate_rsc",45,7,47,116,7,116,638,640,0
"176","R/ayce_pcdi.R","calculate_rsc",48,7,48,50,7,50,641,641,0
"177","R/ayce_pcdi.R","calculate_rsc",53,3,53,52,3,52,646,646,0
"178","R/ayce_pcdi.R","calculate_rsc",54,7,54,27,7,27,54,54,0
"179","R/ayce_pcdi.R","calculate_rsc",54,30,54,38,30,38,54,54,0
"180","R/ayce_pcdi.R","calculate_rsc",56,3,56,39,3,39,649,649,0
"181","R/ayce_pcdi.R","calculate_rsc",57,3,57,42,3,42,650,650,0
"182","R/ayce_pcdi.R","calculate_rsc",60,3,60,64,3,64,653,653,0
"183","R/ayce_pcdi.R","calculate_rsc",61,3,61,39,3,39,654,654,0
"184","R/ayce_pcdi.R","calculate_rsc",63,7,63,20,7,20,63,63,0
"185","R/ayce_pcdi.R","calculate_rsc",63,23,63,31,23,31,63,63,0
"186","R/ayce_pcdi.R","calculate_rsc",64,3,64,35,3,35,657,657,0
"187","R/ayce_pcdi.R","calculate_rsc",66,3,66,29,3,29,659,659,0
"188","R/ayce_pcdi.R","apply_pcdi",88,3,88,71,3,71,681,681,0
"189","R/ayce_pcdi.R","apply_pcdi",91,3,91,62,3,62,684,684,0
"190","R/ayce_pcdi.R","apply_pcdi",92,7,92,42,7,42,92,92,0
"191","R/ayce_pcdi.R","apply_pcdi",93,5,93,57,5,57,686,686,0
"192","R/ayce_pcdi.R","apply_pcdi",94,5,99,6,5,6,687,692,0
"193","R/ayce_pcdi.R","apply_pcdi",103,3,103,53,3,53,696,696,0
"194","R/ayce_pcdi.R","apply_pcdi",104,3,104,48,3,48,697,697,0
"195","R/ayce_pcdi.R","apply_pcdi",107,3,107,75,3,75,700,700,0
"196","R/ayce_pcdi.R","apply_pcdi",109,7,109,30,7,30,109,109,0
"197","R/ayce_pcdi.R","apply_pcdi",111,5,111,57,5,57,704,704,0
"198","R/ayce_pcdi.R","apply_pcdi",112,5,112,36,5,36,705,705,0
"199","R/ayce_pcdi.R","apply_pcdi",114,9,114,41,9,41,114,114,0
"200","R/ayce_pcdi.R","apply_pcdi",115,7,115,33,7,33,708,708,0
"201","R/ayce_pcdi.R","apply_pcdi",118,7,118,86,7,86,711,711,0
"202","R/ayce_pcdi.R","apply_pcdi",121,7,121,70,7,70,714,714,0
"203","R/ayce_pcdi.R","apply_pcdi",122,11,122,26,11,26,122,122,0
"204","R/ayce_pcdi.R","apply_pcdi",123,9,127,9,9,9,716,720,0
"205","R/ayce_pcdi.R","apply_pcdi",133,3,133,48,3,48,726,726,0
"206","R/ayce_pcdi.R","apply_pcdi",134,3,134,58,3,58,727,727,0
"207","R/ayce_pcdi.R","apply_pcdi",137,3,137,32,3,32,730,730,0
"208","R/ayce_pcdi.R","apply_pcdi",138,3,138,39,3,39,731,731,0
"209","R/ayce_pcdi.R","apply_pcdi",141,3,143,25,3,25,734,736,0
"210","R/ayce_pcdi.R","apply_pcdi",146,3,146,21,3,21,739,739,0
"211","R/ayce_pcdi.R","apply_pcdi",147,7,147,42,7,42,147,147,0
"212","R/ayce_pcdi.R","apply_pcdi",148,5,148,76,5,76,741,741,0
"213","R/ayce_pcdi.R","apply_pcdi",149,5,149,28,5,28,742,742,0
"214","R/ayce_pcdi.R","apply_pcdi",153,3,165,3,3,3,746,758,0
"215","R/ayce_pcdi.R","apply_pcdi",167,3,167,71,3,71,760,760,0
"216","R/ayce_pcdi.R","apply_pcdi",168,3,168,70,3,70,761,761,0
"217","R/ayce_pcdi.R","apply_pcdi",169,3,169,62,3,62,762,762,0
"218","R/ayce_pcdi.R","apply_pcdi",171,3,171,16,3,16,764,764,0
"219","R/ayce_pcdi.R","calculate_auto_thresholds",202,3,202,65,3,65,795,795,0
"220","R/ayce_pcdi.R","calculate_auto_thresholds",204,3,204,22,3,22,797,797,0
"221","R/ayce_pcdi.R","calculate_auto_thresholds",208,7,208,37,7,37,208,208,0
"222","R/ayce_pcdi.R","calculate_auto_thresholds",209,5,209,27,5,27,802,802,0
"223","R/ayce_pcdi.R","calculate_auto_thresholds",210,14,210,36,14,36,210,210,0
"224","R/ayce_pcdi.R","calculate_auto_thresholds",211,5,211,19,5,19,804,804,0
"225","R/ayce_pcdi.R","calculate_auto_thresholds",213,5,213,17,5,17,806,806,0
"226","R/ayce_pcdi.R","calculate_auto_thresholds",216,7,216,21,7,21,216,216,0
"227","R/ayce_pcdi.R","calculate_auto_thresholds",218,5,219,46,5,46,811,812,0
"228","R/ayce_pcdi.R","calculate_auto_thresholds",221,9,221,29,9,29,221,221,0
"229","R/ayce_pcdi.R","calculate_auto_thresholds",222,7,222,81,7,81,815,815,0
"230","R/ayce_pcdi.R","calculate_auto_thresholds",223,7,223,46,7,46,816,816,0
"231","R/ayce_pcdi.R","calculate_auto_thresholds",225,7,225,76,7,76,818,818,0
"232","R/ayce_pcdi.R","calculate_auto_thresholds",226,7,226,61,7,61,819,819,0
"233","R/ayce_pcdi.R","calculate_auto_thresholds",228,7,229,67,7,67,821,822,0
"234","R/ayce_pcdi.R","calculate_auto_thresholds",232,7,232,38,7,38,825,825,0
"235","R/ayce_pcdi.R","calculate_auto_thresholds",233,7,233,33,7,33,826,826,0
"236","R/ayce_pcdi.R","calculate_auto_thresholds",234,7,234,120,7,118,827,827,0
"237","R/ayce_pcdi.R","calculate_auto_thresholds",239,7,239,51,7,51,239,239,0
"238","R/ayce_pcdi.R","calculate_auto_thresholds",240,5,244,37,5,37,833,837,0
"239","R/ayce_pcdi.R","calculate_auto_thresholds",246,9,246,27,9,27,246,246,0
"240","R/ayce_pcdi.R","calculate_auto_thresholds",247,7,247,79,7,79,840,840,0
"241","R/ayce_pcdi.R","calculate_auto_thresholds",248,7,248,40,7,40,841,841,0
"242","R/ayce_pcdi.R","calculate_auto_thresholds",249,7,249,40,7,40,842,842,0
"243","R/ayce_pcdi.R","calculate_auto_thresholds",250,7,250,26,7,26,843,843,0
"244","R/ayce_pcdi.R","calculate_auto_thresholds",252,7,252,69,7,69,845,845,0
"245","R/ayce_pcdi.R","calculate_auto_thresholds",253,7,253,54,7,54,846,846,0
"246","R/ayce_pcdi.R","calculate_auto_thresholds",255,7,256,70,7,70,848,849,0
"247","R/ayce_pcdi.R","calculate_auto_thresholds",259,7,259,41,7,41,852,852,0
"248","R/ayce_pcdi.R","calculate_auto_thresholds",260,7,260,35,7,35,853,853,0
"249","R/ayce_pcdi.R","calculate_auto_thresholds",261,7,261,115,7,111,854,854,0
"250","R/ayce_pcdi.R","calculate_auto_thresholds",265,5,265,39,5,39,858,858,0
"251","R/ayce_pcdi.R","calculate_auto_thresholds",266,5,266,33,5,33,859,859,0
"252","R/ayce_pcdi.R","calculate_auto_thresholds",270,7,270,39,7,39,270,270,0
"253","R/ayce_pcdi.R","calculate_auto_thresholds",271,5,271,64,5,64,864,864,0
"254","R/ayce_pcdi.R","calculate_auto_thresholds",272,5,272,64,5,64,865,865,0
"255","R/ayce_pcdi.R","calculate_auto_thresholds",274,5,274,52,5,52,867,867,0
"256","R/ayce_pcdi.R","calculate_auto_thresholds",275,5,275,52,5,52,868,868,0
"257","R/ayce_pcdi.R","calculate_auto_thresholds",276,5,276,52,5,52,869,869,0
"258","R/ayce_pcdi.R","calculate_auto_thresholds",277,5,277,52,5,52,870,870,0
"259","R/ayce_pcdi.R","calculate_auto_thresholds",279,5,280,61,5,61,872,873,0
"260","R/ayce_pcdi.R","calculate_auto_thresholds",281,5,282,61,5,61,874,875,0
"261","R/ayce_pcdi.R","calculate_auto_thresholds",286,3,291,3,3,3,879,884,0
"262","R/ayce_pcdi.R","calculate_auto_thresholds",294,3,295,73,3,73,887,888,0
"263","R/ayce_pcdi.R","calculate_auto_thresholds",296,7,296,31,7,31,296,296,0
"264","R/ayce_pcdi.R","calculate_auto_thresholds",297,9,297,37,9,37,297,297,0
"265","R/ayce_pcdi.R","calculate_auto_thresholds",298,7,298,56,7,56,891,891,0
"266","R/ayce_pcdi.R","calculate_auto_thresholds",302,3,302,20,3,20,895,895,0
"267","R/ayce_pcdi.R","apply_position_filter",316,7,316,40,7,40,316,316,0
"268","R/ayce_pcdi.R","apply_position_filter",317,5,317,65,5,65,910,910,0
"269","R/ayce_pcdi.R","apply_position_filter",318,5,318,16,5,16,911,911,0
"270","R/ayce_pcdi.R","apply_position_filter",321,3,321,24,3,24,914,914,0
"271","R/ayce_pcdi.R","apply_position_filter",323,3,329,5,3,5,916,922,0
"272","R/ayce_pcdi.R","apply_position_filter",331,3,331,36,3,36,924,924,0
"273","R/ayce_pcdi.R","apply_position_filter",332,7,332,19,7,19,332,332,0
"274","R/ayce_pcdi.R","apply_position_filter",333,5,333,91,5,89,926,926,0
"275","R/ayce_pcdi.R","apply_position_filter",336,3,336,14,3,14,929,929,0
"276","R/clean_yield.R","clean_yield_data",38,3,38,67,3,67,969,969,0
"277","R/clean_yield.R","clean_yield_data",39,3,39,66,3,66,970,970,0
"278","R/clean_yield.R","clean_yield_data",40,3,40,67,3,67,971,971,0
"279","R/clean_yield.R","clean_yield_data",41,3,41,19,3,19,972,972,0
"280","R/clean_yield.R","clean_yield_data",44,3,59,3,3,3,975,990,0
"281","R/clean_yield.R","clean_yield_data",62,3,62,58,3,58,993,993,0
"282","R/clean_yield.R","clean_yield_data",63,3,63,57,3,57,994,994,0
"283","R/clean_yield.R","clean_yield_data",64,3,64,62,3,62,995,995,0
"284","R/clean_yield.R","clean_yield_data",67,3,67,46,3,46,998,998,0
"285","R/clean_yield.R","clean_yield_data",68,3,68,36,3,36,999,999,0
"286","R/clean_yield.R","clean_yield_data",69,3,69,58,3,58,1000,1000,0
"287","R/clean_yield.R","clean_yield_data",70,3,70,18,3,18,1001,1001,0
"288","R/clean_yield.R","clean_yield_data",73,3,73,19,3,19,1004,1004,0
"289","R/clean_yield.R","clean_yield_data",74,3,74,56,3,56,1005,1005,0
"290","R/clean_yield.R","clean_yield_data",75,3,75,72,3,72,1006,1006,0
"291","R/clean_yield.R","clean_yield_data",78,3,78,19,3,19,1009,1009,0
"292","R/clean_yield.R","clean_yield_data",79,3,79,53,3,53,1010,1010,0
"293","R/clean_yield.R","clean_yield_data",80,3,80,73,3,73,1011,1011,0
"294","R/clean_yield.R","clean_yield_data",83,3,83,19,3,19,1014,1014,0
"295","R/clean_yield.R","clean_yield_data",84,3,84,46,3,46,1015,1015,0
"296","R/clean_yield.R","clean_yield_data",85,3,85,52,3,52,1016,1016,0
"297","R/clean_yield.R","clean_yield_data",88,3,88,19,3,19,1019,1019,0
"298","R/clean_yield.R","clean_yield_data",89,3,89,59,3,59,1020,1020,0
"299","R/clean_yield.R","clean_yield_data",90,3,90,53,3,53,1021,1021,0
"300","R/clean_yield.R","clean_yield_data",93,3,93,19,3,19,1024,1024,0
"301","R/clean_yield.R","clean_yield_data",94,3,94,51,3,51,1025,1025,0
"302","R/clean_yield.R","clean_yield_data",95,3,97,61,3,61,1026,1028,0
"303","R/clean_yield.R","clean_yield_data",100,3,100,19,3,19,1031,1031,0
"304","R/clean_yield.R","clean_yield_data",101,3,101,60,3,60,1032,1032,0
"305","R/clean_yield.R","clean_yield_data",102,3,102,59,3,59,1033,1033,0
"306","R/clean_yield.R","clean_yield_data",105,3,105,19,3,19,1036,1036,0
"307","R/clean_yield.R","clean_yield_data",106,3,106,64,3,64,1037,1037,0
"308","R/clean_yield.R","clean_yield_data",107,3,107,67,3,67,1038,1038,0
"309","R/clean_yield.R","clean_yield_data",110,3,110,19,3,19,1041,1041,0
"310","R/clean_yield.R","clean_yield_data",111,3,111,54,3,54,1042,1042,0
"311","R/clean_yield.R","clean_yield_data",112,3,114,63,3,63,1043,1045,0
"312","R/clean_yield.R","clean_yield_data",117,3,117,19,3,19,1048,1048,0
"313","R/clean_yield.R","clean_yield_data",118,3,118,58,3,58,1049,1049,0
"314","R/clean_yield.R","clean_yield_data",119,3,121,72,3,72,1050,1052,0
"315","R/clean_yield.R","clean_yield_data",124,3,124,19,3,19,1055,1055,0
"316","R/clean_yield.R","clean_yield_data",125,3,125,48,3,48,1056,1056,0
"317","R/clean_yield.R","clean_yield_data",126,3,128,57,3,57,1057,1059,0
"318","R/clean_yield.R","clean_yield_data",131,3,131,19,3,19,1062,1062,0
"319","R/clean_yield.R","clean_yield_data",132,3,132,56,3,56,1063,1063,0
"320","R/clean_yield.R","clean_yield_data",133,3,135,56,3,56,1064,1066,0
"321","R/clean_yield.R","clean_yield_data",138,3,138,19,3,19,1069,1069,0
"322","R/clean_yield.R","clean_yield_data",139,3,139,48,3,48,1070,1070,0
"323","R/clean_yield.R","clean_yield_data",142,3,143,75,3,75,1073,1074,0
"324","R/clean_yield.R","clean_yield_data",145,3,150,28,3,28,1076,1081,0
"325","R/clean_yield.R","clean_yield_data",153,7,153,27,7,27,153,153,0
"326","R/clean_yield.R","clean_yield_data",154,5,154,21,5,21,1085,1085,0
"327","R/clean_yield.R","clean_yield_data",155,5,155,47,5,47,1086,1086,0
"328","R/clean_yield.R","clean_yield_data",156,5,156,65,5,65,1087,1087,0
"329","R/clean_yield.R","clean_yield_data",160,7,160,24,7,24,160,160,0
"330","R/clean_yield.R","clean_yield_data",161,5,161,21,5,21,1092,1092,0
"331","R/clean_yield.R","clean_yield_data",162,5,162,52,5,52,1093,1093,0
"332","R/clean_yield.R","clean_yield_data",163,5,163,66,5,66,1094,1094,0
"333","R/clean_yield.R","clean_yield_data",166,3,166,19,3,19,1097,1097,0
"334","R/clean_yield.R","clean_yield_data",167,3,167,67,3,67,1098,1098,0
"335","R/clean_yield.R","clean_yield_data",168,3,168,82,3,82,1099,1099,0
"336","R/clean_yield.R","clean_yield_data",169,3,169,67,3,67,1100,1100,0
"337","R/clean_yield.R","clean_yield_data",171,3,171,21,3,21,1102,1102,0
"338","R/clean_yield.R","quick_clean_yield",186,3,186,36,3,36,1117,1117,0
"339","R/clean_yield.R","quick_clean_yield",187,3,187,54,3,54,1118,1118,0
"340","R/clean_yield.R","quick_clean_yield",188,3,188,29,3,29,1119,1119,0
"341","R/clean_yield.R","quick_clean_yield",191,3,191,39,3,39,1122,1122,0
"342","R/clean_yield.R","quick_clean_yield",193,3,207,3,3,3,1124,1138,0
"343","R/clean_yield.R","quick_clean_yield",210,3,210,69,3,69,1141,1141,0
"344","R/clean_yield.R","quick_clean_yield",212,3,212,16,3,16,1143,1143,0
"345","R/coordinate_conversion.R","latlon_to_utm",23,7,23,55,7,55,23,23,0
"346","R/coordinate_conversion.R","latlon_to_utm",24,5,24,68,5,68,1169,1169,0
"347","R/coordinate_conversion.R","latlon_to_utm",28,7,28,19,7,19,28,28,0
"348","R/coordinate_conversion.R","latlon_to_utm",29,5,29,52,5,52,1174,1174,0
"349","R/coordinate_conversion.R","latlon_to_utm",30,5,30,56,5,54,1175,1175,0
"350","R/coordinate_conversion.R","latlon_to_utm",35,3,35,26,3,26,1180,1180,0
"351","R/coordinate_conversion.R","latlon_to_utm",37,3,103,4,3,4,1182,1248,0
"352","R/coordinate_conversion.R","latlon_to_utm",39,5,44,5,5,5,1184,1189,0
"353","R/coordinate_conversion.R","latlon_to_utm",47,5,47,52,5,52,1192,1192,0
"354","R/coordinate_conversion.R","latlon_to_utm",48,5,48,48,5,48,1193,1193,0
"355","R/coordinate_conversion.R","latlon_to_utm",51,5,51,40,5,40,1196,1196,0
"356","R/coordinate_conversion.R","latlon_to_utm",54,5,54,25,5,25,1199,1199,0
"357","R/coordinate_conversion.R","latlon_to_utm",55,5,55,25,5,25,1200,1200,0
"358","R/coordinate_conversion.R","latlon_to_utm",57,5,57,8,5,8,1202,1202,0
"359","R/coordinate_conversion.R","latlon_to_utm",59,5,59,94,5,93,1204,1204,0
"360","R/coordinate_conversion.R","latlon_to_utm",63,5,100,43,5,43,1208,1245,0
"361","R/coordinate_conversion.R","latlon_to_utm",102,5,102,8,5,8,1247,1247,0
"362","R/coordinate_conversion.R","latlon_to_utm",105,3,105,16,3,16,1250,1250,0
"363","R/coordinate_conversion.R","utm_to_latlon",130,7,130,40,7,40,130,130,0
"364","R/coordinate_conversion.R","utm_to_latlon",131,5,131,53,5,53,1276,1276,0
"365","R/coordinate_conversion.R","utm_to_latlon",137,3,139,33,3,33,1282,1284,0
"366","R/coordinate_conversion.R","utm_to_latlon",141,3,147,32,3,32,1286,1292,0
"367","R/coordinate_conversion.R","utm_to_latlon",149,3,149,39,3,39,1294,1294,0
"368","R/coordinate_conversion.R","utm_to_latlon",151,3,155,5,3,5,1296,1300,0
"369","R/coordinate_conversion.R","utm_to_latlon",157,3,157,14,3,14,1302,1302,0
"370","R/coordinate_conversion.R","calculate_distances",169,7,169,40,7,40,169,169,0
"371","R/coordinate_conversion.R","calculate_distances",170,5,170,53,5,53,1315,1315,0
"372","R/coordinate_conversion.R","calculate_distances",173,3,179,29,3,29,1318,1324,0
"373","R/coordinate_conversion.R","calculate_distances",181,3,181,14,3,14,1326,1326,0
"374","R/filter_advanced.R","remove_overlap",17,7,17,40,7,40,17,17,0
"375","R/filter_advanced.R","remove_overlap",18,5,18,84,5,84,1346,1346,0
"376","R/filter_advanced.R","remove_overlap",21,3,21,24,3,24,1349,1349,0
"377","R/filter_advanced.R","remove_overlap",24,3,29,5,3,5,1352,1357,0
"378","R/filter_advanced.R","remove_overlap",32,3,33,46,3,46,1360,1361,0
"379","R/filter_advanced.R","remove_overlap",36,3,39,64,3,64,1364,1367,0
"380","R/filter_advanced.R","remove_overlap",41,3,41,36,3,36,1369,1369,0
"381","R/filter_advanced.R","remove_overlap",43,3,47,4,3,4,1371,1375,0
"382","R/filter_advanced.R","remove_overlap",49,3,49,14,3,14,1377,1377,0
"383","R/filter_advanced.R","filter_local_std",72,7,72,30,7,30,72,72,0
"384","R/filter_advanced.R","filter_local_std",73,5,73,73,5,72,1401,1401,0
"385","R/filter_advanced.R","filter_local_std",74,5,74,16,5,16,1402,1402,0
"386","R/filter_advanced.R","filter_local_std",77,3,77,24,3,24,1405,1405,0
"387","R/filter_advanced.R","filter_local_std",80,3,87,20,3,20,1408,1415,0
"388","R/filter_advanced.R","filter_local_std",91,3,95,5,3,5,1419,1423,0
"389","R/filter_advanced.R","filter_local_std",99,3,107,5,3,5,1427,1435,0
"390","R/filter_advanced.R","filter_local_std",110,3,112,43,3,43,1438,1440,0
"391","R/filter_advanced.R","filter_local_std",115,3,118,58,3,58,1443,1446,0
"392","R/filter_advanced.R","filter_local_std",120,3,120,36,3,36,1448,1448,0
"393","R/filter_advanced.R","filter_local_std",122,3,126,4,3,4,1450,1454,0
"394","R/filter_advanced.R","filter_local_std",128,3,128,14,3,14,1456,1456,0
"395","R/filter_advanced.R","filter_sliding_window",145,3,145,24,3,24,1473,1473,0
"396","R/filter_advanced.R","filter_sliding_window",146,3,146,17,3,17,1474,1474,0
"397","R/filter_advanced.R","filter_sliding_window",147,3,147,36,3,36,1475,1475,0
"398","R/filter_advanced.R","filter_sliding_window",150,3,150,33,3,33,1478,1478,0
"399","R/filter_advanced.R","filter_sliding_window",153,3,158,3,3,3,1481,1486,0
"400","R/filter_advanced.R","filter_sliding_window",161,3,165,16,3,16,1489,1493,0
"401","R/filter_advanced.R","filter_sliding_window",162,5,162,37,5,37,1490,1490,0
"402","R/filter_advanced.R","filter_sliding_window",163,5,163,35,5,35,1491,1491,0
"403","R/filter_advanced.R","filter_sliding_window",164,5,164,51,5,51,1492,1492,0
"404","R/filter_advanced.R","filter_sliding_window",168,3,173,5,3,5,1496,1501,0
"405","R/filter_advanced.R","filter_sliding_window",176,3,184,5,3,5,1504,1512,0
"406","R/filter_advanced.R","filter_sliding_window",187,3,189,58,3,58,1515,1517,0
"407","R/filter_advanced.R","filter_sliding_window",191,3,191,36,3,36,1519,1519,0
"408","R/filter_advanced.R","filter_sliding_window",193,3,196,4,3,4,1521,1524,0
"409","R/filter_advanced.R","filter_sliding_window",198,3,198,14,3,14,1526,1526,0
"410","R/filter_basic.R","filter_header_status",23,7,23,38,7,38,23,23,0
"411","R/filter_basic.R","filter_header_status",24,5,24,71,5,70,1552,1552,0
"412","R/filter_basic.R","filter_header_status",25,5,25,16,5,16,1553,1553,0
"413","R/filter_basic.R","filter_header_status",28,3,28,24,3,24,1556,1556,0
"414","R/filter_basic.R","filter_header_status",30,3,31,50,3,50,1558,1559,0
"415","R/filter_basic.R","filter_header_status",33,3,33,36,3,36,1561,1561,0
"416","R/filter_basic.R","filter_header_status",36,7,36,19,7,19,36,36,0
"417","R/filter_basic.R","filter_header_status",37,5,40,6,5,6,1565,1568,0
"418","R/filter_basic.R","filter_header_status",43,3,43,14,3,14,1571,1571,0
"419","R/filter_basic.R","filter_gps_status",56,7,56,35,7,35,56,56,0
"420","R/filter_basic.R","filter_gps_status",57,5,57,68,5,67,1585,1585,0
"421","R/filter_basic.R","filter_gps_status",58,5,58,16,5,16,1586,1586,0
"422","R/filter_basic.R","filter_gps_status",61,3,61,24,3,24,1589,1589,0
"423","R/filter_basic.R","filter_gps_status",63,3,64,46,3,46,1591,1592,0
"424","R/filter_basic.R","filter_gps_status",66,3,66,36,3,36,1594,1594,0
"425","R/filter_basic.R","filter_gps_status",68,7,68,19,7,19,68,68,0
"426","R/filter_basic.R","filter_gps_status",69,5,72,6,5,6,1597,1600,0
"427","R/filter_basic.R","filter_gps_status",75,3,75,14,3,14,1603,1603,0
"428","R/filter_basic.R","filter_dop",89,7,89,29,7,29,89,89,0
"429","R/filter_basic.R","filter_dop",90,5,90,62,5,61,1618,1618,0
"430","R/filter_basic.R","filter_dop",91,5,91,16,5,16,1619,1619,0
"431","R/filter_basic.R","filter_dop",94,3,94,24,3,24,1622,1622,0
"432","R/filter_basic.R","filter_dop",96,3,97,33,3,33,1624,1625,0
"433","R/filter_basic.R","filter_dop",99,3,99,36,3,36,1627,1627,0
"434","R/filter_basic.R","filter_dop",101,7,101,19,7,19,101,101,0
"435","R/filter_basic.R","filter_dop",102,5,105,6,5,6,1630,1633,0
"436","R/filter_basic.R","filter_dop",108,3,108,14,3,14,1636,1636,0
"437","R/filter_basic.R","filter_velocity",124,7,124,52,7,52,124,124,0
"438","R/filter_basic.R","filter_velocity",125,5,125,84,5,79,1653,1653,0
"439","R/filter_basic.R","filter_velocity",126,5,126,16,5,16,1654,1654,0
"440","R/filter_basic.R","filter_velocity",130,3,135,5,3,5,1658,1663,0
"441","R/filter_basic.R","filter_velocity",137,3,137,24,3,24,1665,1665,0
"442","R/filter_basic.R","filter_velocity",139,3,140,69,3,69,1667,1668,0
"443","R/filter_basic.R","filter_velocity",142,3,142,36,3,36,1670,1670,0
"444","R/filter_basic.R","filter_velocity",144,7,144,19,7,19,144,144,0
"445","R/filter_basic.R","filter_velocity",145,5,148,6,5,6,1673,1676,0
"446","R/filter_basic.R","filter_velocity",152,3,152,54,3,54,1680,1680,0
"447","R/filter_basic.R","filter_velocity",154,3,154,14,3,14,1682,1682,0
"448","R/filter_basic.R","filter_bounds",169,7,169,21,7,21,169,169,0
"449","R/filter_basic.R","filter_bounds",170,5,170,55,5,55,1698,1698,0
"450","R/filter_basic.R","filter_bounds",171,5,171,16,5,16,1699,1699,0
"451","R/filter_basic.R","filter_bounds",174,3,174,24,3,24,1702,1702,0
"452","R/filter_basic.R","filter_bounds",176,7,176,25,7,25,176,176,0
"453","R/filter_basic.R","filter_bounds",177,5,179,57,5,57,1705,1707,0
"454","R/filter_basic.R","filter_bounds",181,5,183,71,5,71,1709,1711,0
"455","R/filter_basic.R","filter_bounds",186,3,186,36,3,36,1714,1714,0
"456","R/filter_basic.R","filter_bounds",188,7,188,19,7,19,188,188,0
"457","R/filter_basic.R","filter_bounds",189,5,192,6,5,6,1717,1720,0
"458","R/filter_basic.R","filter_bounds",195,3,195,14,3,14,1723,1723,0
"459","R/filter_basic.R","filter_yield_range",221,7,221,46,7,46,221,221,0
"460","R/filter_basic.R","filter_yield_range",222,5,222,67,5,67,1750,1750,0
"461","R/filter_basic.R","filter_yield_range",223,5,223,16,5,16,1751,1751,0
"462","R/filter_basic.R","filter_yield_range",226,3,226,24,3,24,1754,1754,0
"463","R/filter_basic.R","filter_yield_range",230,3,232,89,3,89,1758,1760,0
"464","R/filter_basic.R","filter_yield_range",234,3,234,36,3,36,1762,1762,0
"465","R/filter_basic.R","filter_yield_range",236,7,236,19,7,19,236,236,0
"466","R/filter_basic.R","filter_yield_range",237,5,240,6,5,6,1765,1768,0
"467","R/filter_basic.R","filter_yield_range",243,3,243,14,3,14,1771,1771,0
"468","R/filter_basic.R","filter_moisture_range",257,7,257,52,7,52,257,257,0
"469","R/filter_basic.R","filter_moisture_range",258,5,258,67,5,66,1786,1786,0
"470","R/filter_basic.R","filter_moisture_range",259,5,259,16,5,16,1787,1787,0
"471","R/filter_basic.R","filter_moisture_range",262,3,262,24,3,24,1790,1790,0
"472","R/filter_basic.R","filter_moisture_range",264,3,265,69,3,69,1792,1793,0
"473","R/filter_basic.R","filter_moisture_range",267,3,267,36,3,36,1795,1795,0
"474","R/filter_basic.R","filter_moisture_range",269,7,269,19,7,19,269,269,0
"475","R/filter_basic.R","filter_moisture_range",270,5,273,6,5,6,1798,1801,0
"476","R/filter_basic.R","filter_moisture_range",276,3,276,14,3,14,1804,1804,0
"477","R/filter_yield.R","apply_flow_delay",24,3,24,24,3,24,1830,1830,0
"478","R/filter_yield.R","apply_flow_delay",26,7,26,16,7,16,26,26,0
"479","R/filter_yield.R","apply_flow_delay",27,5,27,66,5,65,1833,1833,0
"480","R/filter_yield.R","apply_flow_delay",28,5,28,63,5,63,1834,1834,0
"481","R/filter_yield.R","apply_flow_delay",29,5,29,16,5,16,1835,1835,0
"482","R/filter_yield.R","apply_flow_delay",33,3,33,48,3,48,1839,1839,0
"483","R/filter_yield.R","apply_flow_delay",35,7,35,28,7,28,35,35,0
"484","R/filter_yield.R","apply_flow_delay",37,5,40,7,5,7,1843,1846,0
"485","R/filter_yield.R","apply_flow_delay",43,5,46,7,5,7,1849,1852,0
"486","R/filter_yield.R","apply_flow_delay",50,3,50,31,3,31,1856,1856,0
"487","R/filter_yield.R","apply_flow_delay",51,3,51,45,3,45,1857,1857,0
"488","R/filter_yield.R","apply_flow_delay",53,3,56,4,3,4,1859,1862,0
"489","R/filter_yield.R","apply_flow_delay",58,3,58,14,3,14,1864,1864,0
"490","R/filter_yield.R","apply_moisture_delay",72,3,72,24,3,24,1878,1878,0
"491","R/filter_yield.R","apply_moisture_delay",74,7,74,16,7,16,74,74,0
"492","R/filter_yield.R","apply_moisture_delay",75,5,75,70,5,69,1881,1881,0
"493","R/filter_yield.R","apply_moisture_delay",76,5,76,58,5,58,1882,1882,0
"494","R/filter_yield.R","apply_moisture_delay",77,5,77,16,5,16,1883,1883,0
"495","R/filter_yield.R","apply_moisture_delay",81,3,81,56,3,56,1887,1887,0
"496","R/filter_yield.R","apply_moisture_delay",83,7,83,28,7,28,83,83,0
"497","R/filter_yield.R","apply_moisture_delay",84,5,87,7,5,7,1890,1893,0
"498","R/filter_yield.R","apply_moisture_delay",89,5,92,7,5,7,1895,1898,0
"499","R/filter_yield.R","apply_moisture_delay",95,3,95,35,3,35,1901,1901,0
"500","R/filter_yield.R","apply_moisture_delay",96,3,96,49,3,49,1902,1902,0
"501","R/filter_yield.R","apply_moisture_delay",98,3,101,4,3,4,1904,1907,0
"502","R/filter_yield.R","apply_moisture_delay",103,3,103,14,3,14,1909,1909,0
"503","R/filter_yield.R","calculate_auto_ranges",138,3,138,18,3,18,1944,1944,0
"504","R/filter_yield.R","calculate_auto_ranges",141,7,141,29,7,29,141,141,0
"505","R/filter_yield.R","calculate_auto_ranges",142,5,145,5,5,5,1948,1951,0
"506","R/filter_yield.R","calculate_auto_ranges",146,5,149,6,5,6,1952,1955,0
"507","R/filter_yield.R","calculate_auto_ranges",153,7,153,50,7,50,153,153,0
"508","R/filter_yield.R","calculate_auto_ranges",154,5,157,5,5,5,1960,1963,0
"509","R/filter_yield.R","calculate_auto_ranges",158,5,161,5,5,5,1964,1967,0
"510","R/filter_yield.R","calculate_auto_ranges",162,5,164,6,5,6,1968,1970,0
"511","R/filter_yield.R","calculate_auto_ranges",165,5,167,6,5,6,1971,1973,0
"512","R/filter_yield.R","calculate_auto_ranges",171,7,171,64,7,64,171,171,0
"513","R/filter_yield.R","calculate_auto_ranges",172,5,173,51,5,51,1978,1979,0
"514","R/filter_yield.R","calculate_auto_ranges",174,5,177,5,5,5,1980,1983,0
"515","R/filter_yield.R","calculate_auto_ranges",178,5,180,6,5,6,1984,1986,0
"516","R/filter_yield.R","calculate_auto_ranges",183,3,183,16,3,16,1989,1989,0
"517","R/output.R","generate_cleaning_log",13,3,13,25,3,25,2004,2004,0
"518","R/output.R","generate_cleaning_log",14,3,14,31,3,31,2005,2005,0
"519","R/output.R","generate_cleaning_log",15,3,15,30,3,30,2006,2006,0
"520","R/output.R","generate_cleaning_log",18,3,26,5,3,5,2009,2017,0
"521","R/output.R","generate_cleaning_log",28,3,36,5,3,5,2019,2027,0
"522","R/output.R","generate_cleaning_log",39,3,74,3,3,3,2030,2065,0
"523","R/output.R","generate_cleaning_log",77,3,77,33,3,33,2068,2068,0
"524","R/output.R","generate_cleaning_log",79,3,79,51,3,51,2070,2070,0
"525","R/output.R","generate_cleaning_log",81,3,81,25,3,25,2072,2072,0
"526","R/output.R","add_flags",96,3,106,5,3,5,2087,2097,0
"527","R/output.R","add_flags",109,7,109,53,7,53,109,109,0
"528","R/output.R","add_flags",111,9,111,46,9,46,111,111,0
"529","R/output.R","add_flags",114,7,115,86,7,86,2105,2106,0
"530","R/output.R","add_flags",120,3,120,14,3,14,2111,2111,0
"531","R/output.R","export_cleaned_data",135,7,135,21,7,21,135,135,0
"532","R/output.R","export_cleaned_data",136,5,136,37,5,37,2127,2127,0
"533","R/output.R","export_cleaned_data",137,5,137,56,5,56,2128,2128,0
"534","R/output.R","export_cleaned_data",138,14,138,28,14,28,138,138,0
"535","R/output.R","export_cleaned_data",139,9,139,25,9,25,139,139,0
"536","R/output.R","export_cleaned_data",140,7,140,60,7,60,2131,2131,0
"537","R/output.R","export_cleaned_data",142,5,147,7,5,7,2133,2138,0
"538","R/output.R","export_cleaned_data",148,5,148,84,5,84,2139,2139,0
"539","R/output.R","export_cleaned_data",149,5,149,61,5,61,2140,2140,0
"540","R/output.R","export_cleaned_data",152,3,152,25,3,25,2143,2143,0
"541","R/read_data.R","read_yield_data",23,7,23,29,7,29,23,23,0
"542","R/read_data.R","read_yield_data",24,5,24,62,5,62,2169,2169,0
"543","R/read_data.R","read_yield_data",28,3,28,43,3,43,2173,2173,0
"544","R/read_data.R","read_yield_data",29,3,29,50,3,50,2174,2174,0
"545","R/read_data.R","read_yield_data",31,7,31,19,7,19,31,31,0
"546","R/read_data.R","read_yield_data",33,5,39,5,5,5,2178,2184,0
"547","R/read_data.R","read_yield_data",42,9,42,53,9,53,42,42,0
"548","R/read_data.R","read_yield_data",44,7,52,37,7,37,2189,2197,0
"549","R/read_data.R","read_yield_data",56,5,62,5,5,5,2201,2207,0
"550","R/read_data.R","read_yield_data",65,5,65,24,5,24,2210,2210,0
"551","R/read_data.R","read_yield_data",67,9,67,20,9,20,67,67,0
"552","R/read_data.R","read_yield_data",69,7,74,7,7,7,2214,2219,0
"553","R/read_data.R","read_yield_data",75,16,75,27,16,27,75,75,0
"554","R/read_data.R","read_yield_data",77,7,82,7,7,7,2222,2227,0
"555","R/read_data.R","read_yield_data",84,7,84,25,7,25,2229,2229,0
"556","R/read_data.R","read_yield_data",85,16,85,27,16,27,85,85,0
"557","R/read_data.R","read_yield_data",87,7,92,7,7,7,2232,2237,0
"558","R/read_data.R","read_yield_data",94,7,94,20,7,20,2239,2239,0
"559","R/read_data.R","read_yield_data",95,7,95,26,7,26,2240,2240,0
"560","R/read_data.R","read_yield_data",98,7,103,7,7,7,2243,2248,0
"561","R/read_data.R","read_yield_data",104,11,104,36,11,36,104,104,0
"562","R/read_data.R","read_yield_data",105,9,105,88,9,88,2250,2250,0
"563","R/read_data.R","read_yield_data",107,9,107,45,9,45,2252,2252,0
"564","R/read_data.R","read_yield_data",110,11,110,33,11,33,110,110,0
"565","R/read_data.R","read_yield_data",110,36,110,49,36,49,110,110,0
"566","R/read_data.R","read_yield_data",111,11,111,39,11,39,111,111,0
"567","R/read_data.R","read_yield_data",111,42,111,61,42,61,111,111,0
"568","R/read_data.R","read_yield_data",112,11,112,38,11,38,112,112,0
"569","R/read_data.R","read_yield_data",112,41,112,59,41,59,112,112,0
"570","R/read_data.R","read_yield_data",117,3,125,28,3,28,2262,2270,0
"571","R/read_data.R","read_yield_data",128,3,128,62,3,62,2273,2273,0
"572","R/read_data.R","read_yield_data",130,3,130,14,3,14,2275,2275,0
"573","R/read_data.R","parse_column_names",143,3,161,3,3,3,2288,2306,0
"574","R/read_data.R","parse_column_names",164,3,164,61,3,61,2309,2309,0
"575","R/read_data.R","parse_column_names",165,7,165,31,7,31,165,165,0
"576","R/read_data.R","parse_column_names",166,5,170,5,5,5,2311,2315,0
"577","R/read_data.R","parse_column_names",173,3,173,14,3,14,2318,2318,0
"578","R/sf_output.R","data_to_sf",30,7,30,76,7,76,30,30,0
"579","R/sf_output.R","data_to_sf",31,5,31,73,5,73,2351,2351,0
"580","R/sf_output.R","data_to_sf",32,5,32,16,5,16,2352,2352,0
"581","R/sf_output.R","data_to_sf",35,3,35,64,3,64,2355,2355,0
"582","R/sf_output.R","data_to_sf",38,3,71,3,3,3,2358,2391,0
"583","R/sf_output.R","data_to_sf",39,5,39,29,5,29,2359,2359,0
"584","R/sf_output.R","data_to_sf",40,5,40,44,5,44,2360,2360,0
"585","R/sf_output.R","data_to_sf",41,5,41,27,5,27,2361,2361,0
"586","R/sf_output.R","data_to_sf",43,5,43,41,5,41,2363,2363,0
"587","R/sf_output.R","data_to_sf",44,5,44,29,5,29,2364,2364,0
"588","R/sf_output.R","data_to_sf",45,5,45,31,5,31,2365,2365,0
"589","R/sf_output.R","data_to_sf",47,5,47,48,5,48,2367,2367,0
"590","R/sf_output.R","data_to_sf",48,5,48,48,5,48,2368,2368,0
"591","R/sf_output.R","data_to_sf",49,5,49,44,5,44,2369,2369,0
"592","R/sf_output.R","data_to_sf",50,5,50,45,5,45,2370,2370,0
"593","R/sf_output.R","data_to_sf",53,5,59,5,5,5,2373,2379,0
"594","R/sf_output.R","data_to_sf",61,5,67,5,5,5,2381,2387,0
"595","R/sf_output.R","data_to_sf",70,5,70,54,5,54,2390,2390,0
"596","R/sf_output.R","data_to_sf",74,7,74,33,7,33,74,74,0
"597","R/sf_output.R","data_to_sf",75,5,81,7,5,7,2395,2401,0
"598","R/sf_output.R","data_to_sf",82,5,82,42,5,42,2402,2402,0
"599","R/sf_output.R","data_to_sf",86,7,86,33,7,33,86,86,0
"600","R/sf_output.R","data_to_sf",87,5,87,39,5,39,2407,2407,0
"601","R/sf_output.R","data_to_sf",89,7,89,36,7,36,89,89,0
"602","R/sf_output.R","data_to_sf",90,5,90,45,5,45,2410,2410,0
"603","R/sf_output.R","data_to_sf",92,7,92,37,7,37,92,92,0
"604","R/sf_output.R","data_to_sf",93,5,93,49,5,49,2413,2413,0
"605","R/sf_output.R","data_to_sf",95,7,95,35,7,35,95,95,0
"606","R/sf_output.R","data_to_sf",96,5,96,42,5,42,2416,2416,0
"607","R/sf_output.R","data_to_sf",100,3,100,49,3,49,2420,2420,0
"608","R/sf_output.R","data_to_sf",101,3,101,25,3,25,2421,2421,0
"609","R/sf_output.R","data_to_sf",103,7,103,25,7,25,103,103,0
"610","R/sf_output.R","data_to_sf",104,5,110,5,5,5,2424,2430,0
"611","R/sf_output.R","data_to_sf",111,5,111,54,5,54,2431,2431,0
"612","R/sf_output.R","data_to_sf",115,3,139,3,3,3,2435,2459,0
"613","R/sf_output.R","data_to_sf",141,3,141,71,3,71,2461,2461,0
"614","R/sf_output.R","data_to_sf",143,3,143,17,3,17,2463,2463,0
"615","R/sf_output.R","data_to_sf_points",162,7,162,55,7,55,162,162,0
"616","R/sf_output.R","data_to_sf_points",163,5,163,56,5,56,2483,2483,0
"617","R/sf_output.R","data_to_sf_points",164,5,164,16,5,16,2484,2484,0
"618","R/sf_output.R","data_to_sf_points",167,3,167,62,3,62,2487,2487,0
"619","R/sf_output.R","data_to_sf_points",170,3,170,47,3,47,2490,2490,0
"620","R/sf_output.R","data_to_sf_points",171,3,171,40,3,40,2491,2491,0
"621","R/sf_output.R","data_to_sf_points",172,3,172,37,3,37,2492,2492,0
"622","R/sf_output.R","data_to_sf_points",173,3,173,43,3,43,2493,2493,0
"623","R/sf_output.R","data_to_sf_points",174,3,174,43,3,43,2494,2494,0
"624","R/sf_output.R","data_to_sf_points",177,3,189,5,3,5,2497,2509,0
"625","R/sf_output.R","data_to_sf_points",191,3,191,76,3,76,2511,2511,0
"626","R/sf_output.R","data_to_sf_points",193,3,193,17,3,17,2513,2513,0
"627","R/sf_output.R","ayce_sf",221,3,221,43,3,43,2541,2541,0
"628","R/sf_output.R","ayce_sf",223,3,223,67,3,67,2543,2543,0
"629","R/sf_output.R","ayce_sf",224,3,224,66,3,66,2544,2544,0
"630","R/sf_output.R","ayce_sf",225,3,225,66,3,66,2545,2545,0
"631","R/sf_output.R","ayce_sf",226,3,226,67,3,67,2546,2546,0
"632","R/sf_output.R","ayce_sf",227,3,227,19,3,19,2547,2547,0
"633","R/sf_output.R","ayce_sf",230,3,244,3,3,3,2550,2564,0
"634","R/sf_output.R","ayce_sf",246,3,246,58,3,58,2566,2566,0
"635","R/sf_output.R","ayce_sf",249,3,249,42,3,42,2569,2569,0
"636","R/sf_output.R","ayce_sf",250,3,250,36,3,36,2570,2570,0
"637","R/sf_output.R","ayce_sf",251,3,251,18,3,18,2571,2571,0
"638","R/sf_output.R","ayce_sf",252,3,252,68,3,68,2572,2572,0
"639","R/sf_output.R","ayce_sf",255,3,255,63,3,63,2575,2575,0
"640","R/sf_output.R","ayce_sf",256,3,273,5,3,5,2576,2593,0
"641","R/sf_output.R","ayce_sf",274,3,276,58,3,58,2594,2596,0
"642","R/sf_output.R","ayce_sf",279,3,279,59,3,59,2599,2599,0
"643","R/sf_output.R","ayce_sf",280,3,280,29,3,29,2600,2600,0
"644","R/sf_output.R","ayce_sf",283,3,283,60,3,60,2603,2603,0
"645","R/sf_output.R","ayce_sf",284,3,285,47,3,47,2604,2605,0
"646","R/sf_output.R","ayce_sf",286,3,286,41,3,41,2606,2606,0
"647","R/sf_output.R","ayce_sf",287,3,287,65,3,65,2607,2607,0
"648","R/sf_output.R","ayce_sf",290,3,290,57,3,57,2610,2610,0
"649","R/sf_output.R","ayce_sf",291,3,296,3,3,3,2611,2616,0
"650","R/sf_output.R","ayce_sf",299,3,299,43,3,43,2619,2619,0
"651","R/sf_output.R","ayce_sf",300,3,300,24,3,24,2620,2620,0
"652","R/sf_output.R","ayce_sf",303,3,303,49,3,49,2623,2623,0
"653","R/sf_output.R","ayce_sf",304,3,304,45,3,45,2624,2624,0
"654","R/sf_output.R","ayce_sf",307,3,307,40,3,40,2627,2627,0
"655","R/sf_output.R","ayce_sf",308,3,308,37,3,37,2628,2628,0
"656","R/sf_output.R","ayce_sf",309,3,309,45,3,45,2629,2629,0
"657","R/sf_output.R","ayce_sf",312,3,312,45,3,45,2632,2632,0
"658","R/sf_output.R","ayce_sf",313,3,313,81,3,81,2633,2633,0
"659","R/sf_output.R","ayce_sf",314,3,314,45,3,45,2634,2634,0
"660","R/sf_output.R","ayce_sf",317,3,317,78,3,78,2637,2637,0
"661","R/sf_output.R","ayce_sf",318,3,318,52,3,52,2638,2638,0
"662","R/sf_output.R","ayce_sf",319,3,319,45,3,45,2639,2639,0
"663","R/sf_output.R","ayce_sf",322,3,322,46,3,46,2642,2642,0
"664","R/sf_output.R","ayce_sf",323,3,323,45,3,45,2643,2643,0
"665","R/sf_output.R","ayce_sf",324,3,324,45,3,45,2644,2644,0
"666","R/sf_output.R","ayce_sf",327,3,327,49,3,49,2647,2647,0
"667","R/sf_output.R","ayce_sf",328,3,328,78,3,78,2648,2648,0
"668","R/sf_output.R","ayce_sf",329,3,329,45,3,45,2649,2649,0
"669","R/sf_output.R","ayce_sf",332,3,332,52,3,52,2652,2652,0
"670","R/sf_output.R","ayce_sf",333,3,333,87,3,87,2653,2653,0
"671","R/sf_output.R","ayce_sf",334,3,334,45,3,45,2654,2654,0
"672","R/sf_output.R","ayce_sf",337,3,337,50,3,50,2657,2657,0
"673","R/sf_output.R","ayce_sf",338,3,338,90,3,90,2658,2658,0
"674","R/sf_output.R","ayce_sf",339,3,339,45,3,45,2659,2659,0
"675","R/sf_output.R","ayce_sf",342,3,342,62,3,62,2662,2662,0
"676","R/sf_output.R","ayce_sf",343,3,349,5,3,5,2663,2669,0
"677","R/sf_output.R","ayce_sf",350,3,350,40,3,40,2670,2670,0
"678","R/sf_output.R","ayce_sf",351,3,351,39,3,39,2671,2671,0
"679","R/sf_output.R","ayce_sf",354,3,354,74,3,74,2674,2674,0
"680","R/sf_output.R","ayce_sf",356,7,356,32,7,32,356,356,0
"681","R/sf_output.R","ayce_sf",357,5,357,45,5,45,2677,2677,0
"682","R/sf_output.R","ayce_sf",359,5,359,52,5,52,2679,2679,0
"683","R/sf_output.R","ayce_sf",363,7,363,27,7,27,363,363,0
"684","R/sf_output.R","ayce_sf",364,5,364,50,5,50,2684,2684,0
"685","R/sf_output.R","ayce_sf",365,5,365,39,5,39,2685,2685,0
"686","R/sf_output.R","ayce_sf",366,9,366,24,9,24,366,366,0
"687","R/sf_output.R","ayce_sf",367,7,367,81,7,81,2687,2687,0
"688","R/sf_output.R","ayce_sf",368,16,368,27,16,27,368,368,0
"689","R/sf_output.R","ayce_sf",369,7,369,88,7,88,2689,2689,0
"690","R/sf_output.R","ayce_sf",372,7,373,57,7,57,2692,2693,0
"691","R/sf_output.R","ayce_sf",375,5,375,52,5,52,2695,2695,0
"692","R/sf_output.R","ayce_sf",379,7,379,24,7,24,379,379,0
"693","R/sf_output.R","ayce_sf",380,5,380,47,5,47,2700,2700,0
"694","R/sf_output.R","ayce_sf",381,5,381,88,5,88,2701,2701,0
"695","R/sf_output.R","ayce_sf",384,3,384,19,3,19,2704,2704,0
"696","R/sf_output.R","ayce_sf",385,3,385,67,3,67,2705,2705,0
"697","R/sf_output.R","ayce_sf",386,3,386,76,3,76,2706,2706,0
"698","R/sf_output.R","ayce_sf",387,3,387,85,3,85,2707,2707,0
"699","R/sf_output.R","ayce_sf",388,3,388,67,3,67,2708,2708,0
"700","R/sf_output.R","ayce_sf",390,3,390,19,3,19,2710,2710,0
"701","R/sf_output.R","generate_ayce_sf_log",399,3,399,25,3,25,2719,2719,0
"702","R/sf_output.R","generate_ayce_sf_log",400,3,400,26,3,26,2720,2720,0
"703","R/sf_output.R","generate_ayce_sf_log",402,3,444,3,3,3,2722,2764,0
"704","R/sf_output.R","generate_ayce_sf_log",446,3,446,33,3,33,2766,2766,0
"705","R/sf_output.R","plot_yield",464,7,464,30,7,30,464,464,0
"706","R/sf_output.R","plot_yield",465,5,465,48,5,48,2785,2785,0
"707","R/sf_output.R","plot_yield",468,7,468,29,7,29,468,468,0
"708","R/sf_output.R","plot_yield",469,5,469,28,5,28,2789,2789,0
"709","R/sf_output.R","plot_yield",470,5,470,59,5,59,2790,2790,0
"710","R/sf_output.R","plot_yield",472,5,472,19,5,19,2792,2792,0
"711","R/sf_output.R","plot_yield",473,5,473,60,5,60,2793,2793,0
"712","R/sf_output.R","plot_yield",476,3,479,11,3,11,2796,2799,0
"713","R/sf_output.R","yield_summary",495,7,495,30,7,30,495,495,0
"714","R/sf_output.R","yield_summary",496,5,496,48,5,48,2816,2816,0
"715","R/sf_output.R","yield_summary",499,3,507,3,3,3,2819,2827,0
"716","R/unit_conversion.R","convert_flow_units",16,7,16,30,7,30,16,16,0
"717","R/unit_conversion.R","convert_flow_units",17,5,17,45,5,44,2846,2846,0
"718","R/unit_conversion.R","convert_flow_units",18,5,18,16,5,16,2847,2847,0
"719","R/unit_conversion.R","convert_flow_units",21,3,24,5,3,5,2850,2853,0
"720","R/unit_conversion.R","convert_flow_units",26,3,26,87,3,86,2855,2855,0
"721","R/unit_conversion.R","convert_flow_units",28,3,28,14,3,14,2857,2857,0
"722","R/unit_conversion.R","convert_to_yield",42,7,42,30,7,30,42,42,0
"723","R/unit_conversion.R","convert_to_yield",43,5,43,45,5,44,2872,2872,0
"724","R/unit_conversion.R","convert_to_yield",44,5,44,16,5,16,2873,2873,0
"725","R/unit_conversion.R","convert_to_yield",48,3,48,23,3,23,2877,2877,0
"726","R/unit_conversion.R","convert_to_yield",49,3,49,24,3,24,2878,2878,0
"727","R/unit_conversion.R","convert_to_yield",50,3,50,24,3,24,2879,2879,0
"728","R/unit_conversion.R","convert_to_yield",51,3,51,21,3,21,2880,2880,0
"729","R/unit_conversion.R","convert_to_yield",54,7,54,30,7,30,54,54,0
"730","R/unit_conversion.R","convert_to_yield",55,5,55,38,5,38,2884,2884,0
"731","R/unit_conversion.R","convert_to_yield",58,9,58,85,9,85,58,58,0
"732","R/unit_conversion.R","convert_to_yield",59,7,62,9,7,9,2888,2891,0
"733","R/unit_conversion.R","convert_to_yield",71,9,71,35,9,35,71,71,0
"734","R/unit_conversion.R","convert_to_yield",72,7,77,32,7,32,2901,2906,0
"735","R/unit_conversion.R","convert_to_yield",80,7,83,9,7,9,2909,2912,0
"736","R/unit_conversion.R","convert_to_yield",87,5,90,7,5,7,2916,2919,0
"737","R/unit_conversion.R","convert_to_yield",93,3,93,14,3,14,2922,2922,0
"738","R/yield_conversion.R","convert_flow_to_yield",42,7,42,71,7,71,42,42,0
"739","R/yield_conversion.R","convert_flow_to_yield",43,5,43,68,5,68,2967,2967,0
"740","R/yield_conversion.R","convert_flow_to_yield",44,5,44,16,5,16,2968,2968,0
"741","R/yield_conversion.R","convert_flow_to_yield",48,7,48,29,7,29,48,48,0
"742","R/yield_conversion.R","convert_flow_to_yield",49,5,49,46,5,46,2973,2973,0
"743","R/yield_conversion.R","convert_flow_to_yield",58,3,59,54,3,54,2982,2983,0
"744","R/yield_conversion.R","convert_flow_to_yield",61,3,68,5,3,5,2985,2992,0
"745","R/yield_conversion.R","convert_flow_to_yield",71,3,72,42,3,42,2995,2996,0
"746","R/yield_conversion.R","convert_flow_to_yield",75,3,75,65,3,65,2999,2999,0
"747","R/yield_conversion.R","convert_flow_to_yield",76,3,76,86,3,86,3000,3000,0
"748","R/yield_conversion.R","convert_flow_to_yield",78,3,79,64,3,64,3002,3003,0
"749","R/yield_conversion.R","convert_flow_to_yield",81,3,81,14,3,14,3005,3005,0
"750","R/yield_conversion.R","get_lbs_per_bushel",94,3,100,3,3,3,3018,3024,0
"751","R/yield_conversion.R","get_lbs_per_bushel",95,5,95,15,5,15,3019,3019,0
"752","R/yield_conversion.R","get_lbs_per_bushel",97,5,97,16,5,16,3021,3021,0
"753","R/yield_conversion.R","get_lbs_per_bushel",99,5,99,8,5,8,3023,3023,0
"754","R/yield_conversion.R","get_lbs_per_bushel",102,7,102,25,7,25,102,102,0
"755","R/yield_conversion.R","get_lbs_per_bushel",103,5,103,47,5,47,3027,3027,0
"756","R/yield_conversion.R","get_lbs_per_bushel",106,9,106,37,9,37,106,106,0
"757","R/yield_conversion.R","get_lbs_per_bushel",107,7,107,16,7,16,3031,3031,0
"758","R/yield_conversion.R","get_lbs_per_bushel",111,9,111,71,9,71,111,111,0
"759","R/yield_conversion.R","get_lbs_per_bushel",112,7,112,16,7,16,3036,3036,0
"760","R/yield_conversion.R","get_lbs_per_bushel",116,5,116,100,5,98,3040,3040,0
"761","R/yield_conversion.R","get_lbs_per_bushel",117,5,117,14,5,14,3041,3041,0
"762","R/yield_conversion.R","get_lbs_per_bushel",121,3,121,94,3,92,3045,3045,0
"763","R/yield_conversion.R","get_lbs_per_bushel",122,3,122,12,3,12,3046,3046,0
"764","R/yield_conversion.R","convert_flow_simple",135,7,135,59,7,59,135,135,0
"765","R/yield_conversion.R","convert_flow_simple",136,5,136,58,5,58,3060,3060,0
"766","R/yield_conversion.R","convert_flow_simple",137,5,137,16,5,16,3061,3061,0
"767","R/yield_conversion.R","convert_flow_simple",141,3,145,5,3,5,3065,3069,0
"768","R/yield_conversion.R","convert_flow_simple",147,3,147,14,3,14,3071,3071,0
"769","R/yield_conversion.R","ayce_with_yield_conversion",168,3,168,67,3,67,3092,3092,0
"770","R/yield_conversion.R","ayce_with_yield_conversion",169,3,169,66,3,66,3093,3093,0
"771","R/yield_conversion.R","ayce_with_yield_conversion",170,3,170,69,3,67,3094,3094,0
"772","R/yield_conversion.R","ayce_with_yield_conversion",171,3,171,67,3,67,3095,3095,0
"773","R/yield_conversion.R","ayce_with_yield_conversion",174,3,187,3,3,3,3098,3111,0
"774","R/yield_conversion.R","ayce_with_yield_conversion",189,3,189,58,3,58,3113,3113,0
"775","R/yield_conversion.R","ayce_with_yield_conversion",192,3,192,42,3,42,3116,3116,0
"776","R/yield_conversion.R","ayce_with_yield_conversion",193,3,193,36,3,36,3117,3117,0
"777","R/yield_conversion.R","ayce_with_yield_conversion",194,3,194,18,3,18,3118,3118,0
"778","R/yield_conversion.R","ayce_with_yield_conversion",195,3,195,56,3,56,3119,3119,0
"779","R/yield_conversion.R","ayce_with_yield_conversion",196,3,196,87,3,87,3120,3120,0
"780","R/yield_conversion.R","ayce_with_yield_conversion",199,3,199,47,3,47,3123,3123,0
"781","R/yield_conversion.R","ayce_with_yield_conversion",200,3,200,29,3,29,3124,3124,0
"782","R/yield_conversion.R","ayce_with_yield_conversion",203,3,203,50,3,50,3127,3127,0
"783","R/yield_conversion.R","ayce_with_yield_conversion",204,3,207,5,3,5,3128,3131,0
"784","R/yield_conversion.R","ayce_with_yield_conversion",210,3,210,60,3,60,3134,3134,0
"785","R/yield_conversion.R","ayce_with_yield_conversion",211,3,211,94,3,94,3135,3135,0
"786","R/yield_conversion.R","ayce_with_yield_conversion",212,3,212,80,3,80,3136,3136,0
"787","R/yield_conversion.R","ayce_with_yield_conversion",215,3,215,57,3,57,3139,3139,0
"788","R/yield_conversion.R","ayce_with_yield_conversion",216,3,222,3,3,3,3140,3146,0
"789","R/yield_conversion.R","ayce_with_yield_conversion",223,3,223,109,3,109,3147,3147,0
"790","R/yield_conversion.R","ayce_with_yield_conversion",226,3,226,45,3,45,3150,3150,0
"791","R/yield_conversion.R","ayce_with_yield_conversion",227,3,227,81,3,81,3151,3151,0
"792","R/yield_conversion.R","ayce_with_yield_conversion",228,3,228,45,3,45,3152,3152,0
"793","R/yield_conversion.R","ayce_with_yield_conversion",231,7,231,35,7,35,231,231,0
"794","R/yield_conversion.R","ayce_with_yield_conversion",232,5,232,95,5,95,3156,3156,0
"795","R/yield_conversion.R","ayce_with_yield_conversion",233,5,233,69,5,69,3157,3157,0
"796","R/yield_conversion.R","ayce_with_yield_conversion",234,5,234,47,5,47,3158,3158,0
"797","R/yield_conversion.R","ayce_with_yield_conversion",238,3,238,48,3,48,3162,3162,0
"798","R/yield_conversion.R","ayce_with_yield_conversion",239,3,239,78,3,78,3163,3163,0
"799","R/yield_conversion.R","ayce_with_yield_conversion",240,3,240,45,3,45,3164,3164,0
"800","R/yield_conversion.R","ayce_with_yield_conversion",243,3,243,45,3,45,3167,3167,0
"801","R/yield_conversion.R","ayce_with_yield_conversion",244,3,244,45,3,45,3168,3168,0
"802","R/yield_conversion.R","ayce_with_yield_conversion",245,3,245,45,3,45,3169,3169,0
"803","R/yield_conversion.R","ayce_with_yield_conversion",248,3,248,45,3,45,3172,3172,0
"804","R/yield_conversion.R","ayce_with_yield_conversion",249,3,249,87,3,87,3173,3173,0
"805","R/yield_conversion.R","ayce_with_yield_conversion",250,3,250,45,3,45,3174,3174,0
"806","R/yield_conversion.R","ayce_with_yield_conversion",253,3,253,46,3,46,3177,3177,0
"807","R/yield_conversion.R","ayce_with_yield_conversion",254,3,254,72,3,72,3178,3178,0
"808","R/yield_conversion.R","ayce_with_yield_conversion",255,3,255,45,3,45,3179,3179,0
"809","R/yield_conversion.R","ayce_with_yield_conversion",258,3,258,57,3,57,3182,3182,0
"810","R/yield_conversion.R","ayce_with_yield_conversion",259,3,259,77,3,77,3183,3183,0
"811","R/yield_conversion.R","ayce_with_yield_conversion",261,3,261,107,3,107,3185,3185,0
"812","R/yield_conversion.R","ayce_with_yield_conversion",262,3,262,76,3,76,3186,3186,0
"813","R/yield_conversion.R","ayce_with_yield_conversion",265,3,265,48,3,48,3189,3189,0
"814","R/yield_conversion.R","ayce_with_yield_conversion",266,3,267,87,3,87,3190,3191,0
"815","R/yield_conversion.R","ayce_with_yield_conversion",269,3,275,28,3,28,3193,3199,0
"816","R/yield_conversion.R","ayce_with_yield_conversion",278,7,278,27,7,27,278,278,0
"817","R/yield_conversion.R","ayce_with_yield_conversion",279,5,279,42,5,42,3203,3203,0
"818","R/yield_conversion.R","ayce_with_yield_conversion",280,5,280,65,5,65,3204,3204,0
"819","R/yield_conversion.R","ayce_with_yield_conversion",284,7,284,24,7,24,284,284,0
"820","R/yield_conversion.R","ayce_with_yield_conversion",285,5,285,47,5,47,3209,3209,0
"821","R/yield_conversion.R","ayce_with_yield_conversion",286,5,286,88,5,88,3210,3210,0
"822","R/yield_conversion.R","ayce_with_yield_conversion",289,3,289,19,3,19,3213,3213,0
"823","R/yield_conversion.R","ayce_with_yield_conversion",290,3,290,67,3,67,3214,3214,0
"824","R/yield_conversion.R","ayce_with_yield_conversion",291,3,292,67,3,67,3215,3216,0
"825","R/yield_conversion.R","ayce_with_yield_conversion",293,3,293,67,3,67,3217,3217,0
"826","R/yield_conversion.R","ayce_with_yield_conversion",295,3,295,21,3,21,3219,3219,0
"827","R/yield_conversion.R","generate_yield_log",304,3,304,25,3,25,3228,3228,0
"828","R/yield_conversion.R","generate_yield_log",305,3,305,29,3,29,3229,3229,0
"829","R/yield_conversion.R","generate_yield_log",308,3,312,65,3,65,3232,3236,0
"830","R/yield_conversion.R","generate_yield_log",314,3,319,3,3,3,3238,3243,0
"831","R/yield_conversion.R","generate_yield_log",321,3,326,3,3,3,3245,3250,0
"832","R/yield_conversion.R","generate_yield_log",328,3,356,3,3,3,3252,3280,0
"833","R/yield_conversion.R","generate_yield_log",358,3,358,33,3,33,3282,3282,0
